[
        [
        {

            "r": "0",
            "g": "0",
            "b": "0"
            },
        {
            "r": "49",
            "g": "102",
            "b": "107"
            },
        {
            "r": "244",
            "g": "198",
            "b": "84"
            },
        {
            "r": "244",
            "g": "54",
            "b": "42"
            },
        {
            "r": "155",
            "g": "22",
            "b": "23"
            },
        {
            "r": "128",
            "g": "93",
            "b": "147"
            },
        {
            "r": "244",
            "g": "159",
            "b": "188"
            },
        {
            "r": "158",
            "g": "189",
            "b": "110"
            },
        {
            "r": "22",
            "g": "152",
            "b": "115"
            }
        ],
    [
        {
            "0": "Ici, tu joues une petite bille de couleur\nqui doit traverser un labyrinthe sans \ntoucher les bords ! Des obstacles \nt'attendent un peu partout... \nBonne chance !",
            "1": "Choisis la couleur de \nta bille et commence \nle niveau en passant\npar tout en haut !",
            "2": "OH UNE CLEF !!\nva la chercher pour\ndébloquer la suite du\nniveau. Le mur \nbleu tue...",
            "3": "Notre cher ami'Notaure.\nÉchappe toi à tout prix\nde ce labyrinthe..Indice:\npasse par la gauche ;)",
            "4": "La zone bleue grossit\nta bille... qui est\nmaintenant un cube :((",
            "5": "Désirez vous un thé ?",
            "6": "Une ? Deux !? Nonnn\ntrois clés à récupérer.\nA toi de déterminer \nl'ordre hehe",
            "7": "Calomnie !! Maintenant\nles murs se mettent\nà bouger??? Pas le\nchoix, esquive les...",
            "8": "T'es dans la sauce",
            "9": "Ici c'est Octogone sans\nrègles (la preuve il\nest tordu...)",
            "10": "Le voilà notre boss de\nfin... Une chose à dire :\nGLHF",
            "11": "Fiouu, les dix niveaux sont complets,\nvoyons voir l'argent que tu as gagné..."
        }, 
        {
            "0": "Pas de chance :(",
            "1": "T'as parkinson ?",
            "2": "Change de souris",
            "3": "Pas facile hein ?",
            "4": "Des mains de\nbûcherons"
        },
        {
            "0": "Point faible :\nTROP FORT",
            "1": "T'as un aimbot\nc'est ça ?",
            "2": "Un pro du sniper",
            "3": "T'es chirurgien\ntoi",
            "4": "C'était pas très\ndur..."
        }
    ]
]
