[
        [
        {
            "x1": "0",
            "x2": "0",
            "y1": "0",
            "y2": "0",
            "id": "0"
            },
        {
            "x1": "200",
            "x2": "280",
            "y1": "100",
            "y2": "500",
            "id": "colA"
            },
        {
            "x1": "280",
            "x2": "360",
            "y1": "100",
            "y2": "500",
            "id": "colB"
            },
        {
            "x1": "360",
            "x2": "440",
            "y1": "100",
            "y2": "500",
            "id": "colC"
            },
        {
            "x1": "440",
            "x2": "520",
            "y1": "100",
            "y2": "500",
            "id": "colD"
            },
        {
            "x1": "520",
            "x2": "600",
            "y1": "100",
            "y2": "500",
            "id": "colE"
            }
        ],
        [
        {
            "x1": "0",
            "x2": "0",
            "y1": "0",
            "y2": "0",
            "id": "0"
            },
        {
            "x1": "200",
            "x2": "600",
            "y1": "100",
            "y2": "180",
            "id": "li1"
            },
        {
            "x1": "200",
            "x2": "600",
            "y1": "180",
            "y2": "260",
            "id": "li2"
            },
        {
            "x1": "200",
            "x2": "600",
            "y1": "260",
            "y2": "340",
            "id": "li3"
            },
        {
            "x1": "200",
            "x2": "600",
            "y1": "340",
            "y2": "420",
            "id": "li4"
            },
        {
            "x1": "200",
            "x2": "600",
            "y1": "420",
            "y2": "500",
            "id": "li5"
            }
        ],
        [
        {
            "vide": "0",
            "colA li1": "1",
            "colB li1": "2",
            "colC li1": "3",
            "colD li1": "4",
            "colE li1": "5",
            "colA li2": "6",
            "colB li2": "7",
            "colC li2": "8",
            "colD li2": "9",
            "colE li2": "10",
            "colA li3": "11",
            "colB li3": "12",
            "colC li3": "13",
            "colD li3": "14",
            "colE li3": "15",
            "colA li4": "16",
            "colB li4": "17",
            "colC li4": "18",
            "colD li4": "19",
            "colE li4": "20",
            "colA li5": "21",
            "colB li5": "22",
            "colC li5": "23",
            "colD li5": "24",
            "colE li5": "25"
            }
        ],
        [
    {
        "xCentre": "0",
        "yCentre": "0"
            },
    {
        "xCentre": "240",
        "yCentre": "140"
            },
    {
        "xCentre": "320",
        "yCentre": "140"
            },
    {
        "xCentre": "400",
        "yCentre": "140"
            },

    {
        "xCentre": "480",
        "yCentre": "140"
            },
    {
        "xCentre": "560",
        "yCentre": "140"
            },
    {
        "xCentre": "240",
        "yCentre": "220"
            },
    {
        "xCentre": "320",
        "yCentre": "220"
            },
    {
        "xCentre": "400",
        "yCentre": "220"
            },
    {
        "xCentre": "480",
        "yCentre": "220"
            },
    {
        "xCentre": "560",
        "yCentre": "220"
            },
    {
        "xCentre": "240",
        "yCentre": "300"
            },
    {
        "xCentre": "320",
        "yCentre": "300"
            },
    {
        "xCentre": "400",
        "yCentre": "300"
            },

    {
        "xCentre": "480",
        "yCentre": "300"
            },
    {
        "xCentre": "560",
        "yCentre": "300"
            },
    {
        "xCentre": "240",
        "yCentre": "380"
            },
    {
        "xCentre": "320",
        "yCentre": "380"
            },
    {
        "xCentre": "400",
        "yCentre": "380"
            },

    {
        "xCentre": "480",
        "yCentre": "380"
            },
    {
        "xCentre": "560",
        "yCentre": "380"
            },
    {
        "xCentre": "240",
        "yCentre": "460"
            },
    {
        "xCentre": "320",
        "yCentre": "460"
            },
    {
        "xCentre": "400",
        "yCentre": "460"
            },
    {
        "xCentre": "480",
        "yCentre": "460"
            },
    {
        "xCentre": "560",
        "yCentre": "460"
            }
        ],
        [
    {
        "0": "0",
        "1": "0",
        "2": "0",
        "3": "0"
            },
    {
        "0": "1",
        "1": "2",
        "2": "3",
        "3": "12"
            },
    {
        "0": "1",
        "1": "4",
        "2": "6",
        "3": "7"
            },
    {
        "0": "4",
        "1": "5",
        "2": "7",
        "3": "18"
            },
    {
        "0": "1",
        "1": "6",
        "2": "9",
        "3": "13"
            },
    {
        "0": "1",
        "1": "6",
        "2": "7",
        "3": "16"
            },
    {
        "0": "1",
        "1": "4",
        "2": "11",
        "3": "15"
            },
    {
        "0": "1",
        "1": "4",
        "2": "6",
        "3": "14"
            },
    {
        "0": "1",
        "1": "2",
        "2": "8",
        "3": "11"
            },
    {
        "0": "1",
        "1": "4",
        "2": "5",
        "3": "16"
            },
    {
        "0": "1",
        "1": "5",
        "2": "6",
        "3": "21"
            }
        ],
        [
    {
        "0": "0",
        "1": "0",
        "2": "0",
        "3": "0"
            },
    {
        "0": "18",
        "1": "25",
        "2": "5",
        "3": "21"
            },
    {
        "0": "18",
        "1": "25",
        "2": "21",
        "3": "9"
            },
    {
        "0": "21",
        "1": "24",
        "2": "9",
        "3": "25"
            },
    {
        "0": "12",
        "1": "23",
        "2": "17",
        "3": "24"
            },
    {
        "0": "19",
        "1": "17",
        "2": "25",
        "3": "22"
            },
    {
        "0": "3",
        "1": "6",
        "2": "14",
        "3": "21"
            },
    {
        "0": "9",
        "1": "25",
        "2": "23",
        "3": "17"
            },
    {
        "0": "17",
        "1": "9",
        "2": "18",
        "3": "25"
            },
    {
        "0": "12",
        "1": "13",
        "2": "25",
        "3": "21"
            },
    {
        "0": "4",
        "1": "25",
        "2": "7",
        "3": "22"
            }
        ],
        [
    {
        "0": "0",
        "1": "0",
        "2": "0",
        "3": "0",
        "4": "0",
        "5": "1",
        "6": "1",
        "7": "2",
        "8": "4",
        "9": "7",
        "10": "2"
            },
    {
        "0": "0",
        "1": "0",
        "2": "0",
        "3": "0",
        "4": "0",
        "5": "0",
        "6": "1",
        "7": "0",
        "8": "0",
        "9": "0",
        "10": "4"
            }
        ],
        [
    {
        "0": "0"
            },
    {
        "0": "0"
            },
    {
        "0": "0"
            },
    {
        "0": "0"
            },
    {
        "0": "0"
            },
    {
        "0": "0",
        "1": "8"
            },
    {
        "0": "0",
        "1": "4"
            },
    {
        "0": "0",
        "1": "6",
        "2": "20"
            },
    {
        "0": "0",
        "1": "3",
        "2": "4",
        "3": "13",
        "4": "14"
            },
    {
        "0": "0",
        "1": "1",
        "2": "2",
        "3": "7",
        "4": "8",
        "5": "16",
        "6": "17",
        "7": "20"
            },
    {
        "0": "0",
        "1": "19",
        "2": "20"
            }
        ],
        [
    {
        "0": "0"
            },
    {
        "0": "0"
            },
    {
        "0": "0"
            },
    {
        "0": "0"
            },
    {
        "0": "0"
            },
    {
        "0": "0"
            },
    {
        "0": "0",
        "1": "7"
            },
    {
        "0": "0"
            },
    {
        "0": "0"
            },
    {
        "0": "0"
            },
    {
        "0": "0",
        "1": "3",
        "2": "6",
        "3": "8",
        "4": "21"
            }
        ]
]
