[
    [
        {
            "enonce": "0",
            "solution": "0"
        },
        {
            "enonce": "6*9",
            "solution": "54"
        },
        {
            "enonce": "|36-89|",
            "solution": "53"
        },
        {
            "enonce": "132+564",
            "solution": "696"
        },
        {
            "enonce": "cos(pi/2)*58^-1",
            "solution": "0"
        },
        {
            "enonce": "639/3",
            "solution": "213"
        },
        {
            "enonce": "2^5",
            "solution": "32"
        },
        {
            "enonce": "20-70%",
            "solution": "6"
        },
        {
            "enonce": "7!/5!",
            "solution": "30"
        },
        {
            "enonce": "(12*8-6)/3",
            "solution": "30"
        },
        {
            "enonce": "(-1+sqrt(64)*2)*3/5",
            "solution": "9"
        }
    ],
    [
        {
            "infx": "0",
            "supx": "0",
            "infy": "0",
            "supy": "0",
            "id": "cvide"
        },
        {
            "infx": "479",
            "supx": "544",
            "infy": "225",
            "supy": "290",
            "id": "c1"
        },
        {
            "infx": "579",
            "supx": "644",
            "infy": "225",
            "supy": "290",
            "id": "c2"
        },
        {
            "infx": "679",
            "supx": "744",
            "infy": "225",
            "supy": "290",
            "id": "c3"
        },
        {
            "infx": "479",
            "supx": "544",
            "infy": "315",
            "supy": "380",
            "id": "c4"
        },
        {
            "infx": "579",
            "supx": "644",
            "infy": "315",
            "supy": "380",
            "id": "c5"
        },
        {
            "infx": "679",
            "supx": "744",
            "infy": "315",
            "supy": "380",
            "id": "c6"
        },
        {
            "infx": "479",
            "supx": "544",
            "infy": "405",
            "supy": "470",
            "id": "c7"
        },
        {
            "infx": "579",
            "supx": "644",
            "infy": "405",
            "supy": "470",
            "id": "c8"
        },
        {
            "infx": "679",
            "supx": "744",
            "infy": "405",
            "supy": "470",
            "id": "c9"
        },
        {
            "infx": "479",
            "supx": "544",
            "infy": "495",
            "supy": "560",
            "id": "c10"
        },
        {
            "infx": "579",
            "supx": "644",
            "infy": "495",
            "supy": "560",
            "id": "c11"
        },
        {
            "infx": "679",
            "supx": "744",
            "infy": "495",
            "supy": "560",
            "id": "c12"
        }
    ],
    [
        {
            "1":"7",
            "2":"8",
            "3":"9",
            "4":"4",
            "5":"5",
            "6":"6",
            "7":"1",
            "8":"2",
            "9":"3",
            "10":"10",
            "11":"0",
            "12":"12"
        },
        {
            "1":"6",
            "2":"3",
            "3":"1",
            "4":"5",
            "5":"2",
            "6":"4",
            "7":"7",
            "8":"8",
            "9":"0",
            "10":"10",
            "11":"12",
            "12":"9"
        },
        {
            "1":"4",
            "2":"7",
            "3":"1",
            "4":"9",
            "5":"5",
            "6":"2",
            "7":"8",
            "8":"0",
            "9":"3",
            "10":"12",
            "11":"6",
            "12":"10"
        }
    ],
    [
        {
            "1":"1",
            "2":"2",
            "3":"4",
            "4":"6",
            "5":"3",
            "6":"7",
            "7":"8",
            "8":"9",
            "9":"0",
            "10":"12",
            "11":"5",
            "12":"10"
        }, 
        {
            "1":"6",
            "2":"0",
            "3":"2",
            "4":"8",
            "5":"3",
            "6":"7",
            "7":"5",
            "8":"1",
            "9":"9",
            "10":"4",
            "11":"12",
            "12":"10"
        }, 
        {
            "1":"9",
            "2":"1",
            "3":"5",
            "4":"6",
            "5":"3",
            "6":"0",
            "7":"8",
            "8":"2",
            "9":"7",
            "10":"4",
            "11":"10",
            "12":"12"
        }
    ]
]
